{"cameraMode":{"drawMode":2,"name":"Shaded Wireframe","section":"Shading Mode"},"sceneLighting":false,"audioPlay":false,"sceneViewState":{"showFog":true,"showMaterialUpdate":false,"showSkybox":true,"showFlares":true,"showImageEffects":true,"showParticleSystems":true},"in2DMode":false,"pivot":{"x":12.8100004196167,"y":1.7999999523162842,"z":4.409999847412109},"rotation":{"x":-0.27955612540245058,"y":0.1696273535490036,"z":-0.05024868994951248,"w":-0.9436895847320557},"size":26.88534164428711,"orthographic":false}