{"cameraMode":{"drawMode":2,"name":"Shaded Wireframe","section":"Shading Mode"},"sceneLighting":false,"audioPlay":false,"sceneViewState":{"showFog":true,"showMaterialUpdate":false,"showSkybox":true,"showFlares":true,"showImageEffects":true,"showParticleSystems":true},"in2DMode":false,"pivot":{"x":-0.11000001430511475,"y":3.380000114440918,"z":2.7200000286102297},"rotation":{"x":-0.22390951216220857,"y":0.637913167476654,"z":-0.2015310376882553,"w":-0.7087429761886597},"size":4.0578837394714359,"orthographic":false}