{"cameraMode":{"drawMode":2,"name":"Shaded Wireframe","section":"Shading Mode"},"sceneLighting":true,"audioPlay":false,"sceneViewState":{"showFog":true,"showMaterialUpdate":false,"showSkybox":true,"showFlares":true,"showImageEffects":true,"showParticleSystems":true},"in2DMode":false,"pivot":{"x":26.5729923248291,"y":-0.4715232849121094,"z":23.32842254638672},"rotation":{"x":0.27979546785354617,"y":0.6840745210647583,"z":-0.3241451382637024,"w":0.5904967784881592},"size":61.933109283447269,"orthographic":false}