{"cameraMode":{"drawMode":2,"name":"Shaded Wireframe","section":"Shading Mode"},"sceneLighting":true,"audioPlay":false,"sceneViewState":{"showFog":true,"showMaterialUpdate":false,"showSkybox":true,"showFlares":true,"showImageEffects":true,"showParticleSystems":true},"in2DMode":false,"pivot":{"x":-5.9947662353515629,"y":1.2089157104492188,"z":15.090011596679688},"rotation":{"x":-0.13605885207653047,"y":-0.14602339267730714,"z":0.02028675749897957,"w":-0.9796702265739441},"size":148.60189819335938,"orthographic":false}