{"cameraMode":{"drawMode":2,"name":"Shaded Wireframe","section":"Shading Mode"},"sceneLighting":true,"audioPlay":false,"sceneViewState":{"showFog":true,"showMaterialUpdate":false,"showSkybox":true,"showFlares":true,"showImageEffects":true,"showParticleSystems":true},"in2DMode":false,"pivot":{"x":-2.148101806640625,"y":4.9649834632873539,"z":27.63800048828125},"rotation":{"x":0.09545952826738358,"y":0.8902702331542969,"z":-0.21928271651268006,"w":0.38758429884910586},"size":144.55860900878907,"orthographic":false}