{"cameraMode":{"drawMode":2,"name":"Shaded Wireframe","section":"Shading Mode"},"sceneLighting":false,"audioPlay":false,"sceneViewState":{"showFog":true,"showMaterialUpdate":false,"showSkybox":true,"showFlares":true,"showImageEffects":true,"showParticleSystems":true},"in2DMode":false,"pivot":{"x":1.8200000524520875,"y":3.0799999237060549,"z":4.409999847412109},"rotation":{"x":-0.22390951216220857,"y":0.637913167476654,"z":-0.2015310376882553,"w":-0.7087429761886597},"size":7.824513912200928,"orthographic":false}